422317,abn
422587,abn
422775,abn
425196,abn
425064,abn
426048,abn
426097,abn
426321,abn
427333,abn
427642,abn
427764,abn
428704,abn
429248,abn
443307,abn
444119,abn
444117,abn
444111,abn
444316,abn
444310,abn
444304,abn
444861,abn
444856,abn
445148,abn
445200,abn
445193,abn
420272,abn
420387,abn
420438,abn
421205,abn
421337,abn
421826,abn
422253,abn
424024,abn
424077,abn
424074,abn
425799,abn
426534,abn
426552,abn
426699,abn
427202,abn
427483,abn
427539,abn
427754,abn
427739,abn
427927,abn
428214,abn
428248,abn
428582,abn
428579,abn
428572,abn
428830,abn
428876,abn
428900,abn
428958,abn
428952,abn
429052,abn
429104,abn
429101,abn
429364,abn
429349,abn
429445,abn
429621,abn
429659,abn
429936,abn
443029,abn
443079,abn
443240,abn
443272,abn
443454,abn
443451,abn
443495,abn
443545,abn
443832,abn
443822,abn
443998,abn
444099,abn
444213,abn
444186,abn
444174,abn
444312,abn
444307,abn
444379,abn
444343,abn
444342,abn
444407,abn
444477,abn
444609,abn
444938,abn
444935,abn
444933,abn
444930,abn
445060,abn
445125,abn
445198,abn
445197,abn
420096,abn
420523,abn
422283,abn
423195,abn
427832,abn
428216,abn
428222,abn
429253,abn
429362,abn
429660,abn
443271,abn
443378,abn
443367,abn
443415,abn
443692,abn
443833,abn
443893,abn
444033,abn
444091,abn
444089,abn
444088,abn
444173,abn
444306,abn
444305,abn
444298,abn
444297,abn
444296,abn
444295,abn
444294,abn
444293,abn
444292,abn
444291,abn
444460,abn
444438,abn
444492,abn
444581,abn
444631,abn
444625,abn
444622,abn
444761,abn
444753,abn
444794,abn
444860,abn
444859,abn
444918,abn
444998,abn
445056,abn
445098,abn
445128,abn
445139,abn
445138,abn
445161,abn
445153,abn
445190,abn
445189,abn
445188,abn
445187,abn
445186,abn
445211,abn
445210,abn
445209,abn
445208,abn
445207,abn
420276,abn
420408,abn
420538,abn
420645,abn
420771,abn
420792,abn
420904,abn
420860,abn
420997,abn
421003,abn
421010,abn
421127,abn
421268,abn
421462,abn
421609,abn
421713,abn
421828,abn
421827,abn
421855,abn
421863,abn
421860,abn
421904,abn
421919,abn
422415,abn
422534,abn
422591,abn
422556,abn
422550,abn
422969,abn
423050,abn
423065,abn
423623,abn
423569,abn
423549,abn
423377,abn
423363,abn
423884,abn
423862,abn
424028,abn
424079,abn
424198,abn
424518,abn
425012,abn
425259,abn
425814,abn
427176,abn
427597,abn
427660,abn
427684,abn
427757,abn
427816,abn
428465,abn
428525,abn
428548,abn
428545,abn
428672,abn
428696,abn
428768,abn
428924,abn
428903,abn
429034,abn
429158,abn
429355,abn
429616,abn
429662,abn
443341,abn
443340,abn
443335,abn
443491,abn
443546,abn
443678,abn
443675,abn
443734,abn
443733,abn
444011,abn
444010,abn
444009,abn
443994,abn
444034,abn
444121,abn
444168,abn
444180,abn
444252,abn
444632,abn
444799,abn
445061,abn
445050,abn
445130,abn
445126,abn
445140,abn
420356,abn
420463,abn
420644,abn
420969,abn
421163,abn
421175,abn
421335,abn
421518,abn
421899,abn
422332,abn
422324,abn
422575,abn
422730,abn
423597,abn
423790,abn
423909,abn
424206,abn
424479,abn
424497,abn
424553,abn
424577,abn
424608,abn
425173,abn
424964,abn
425677,abn
426021,abn
426088,abn
426161,abn
426156,abn
426420,abn
426665,abn
426664,abn
426790,abn
426911,abn
426951,abn
426950,abn
426977,abn
427149,abn
427195,abn
427238,abn
427261,abn
427311,abn
427403,abn
427462,abn
427565,abn
427648,abn
427686,abn
427820,abn
427799,abn
427798,abn
427872,abn
428020,abn
428064,abn
428080,abn
428111,abn
428166,abn
428416,abn
428466,abn
428575,abn
428630,abn
428628,abn
428742,abn
428741,abn
428740,abn
428773,abn
428797,abn
428796,abn
428827,abn
428853,abn
429080,abn
429091,abn
429090,abn
429183,abn
429213,abn
429261,abn
429254,abn
429339,abn
429351,abn
429671,abn
443001,abn
443012,abn
443270,abn
443269,abn
443267,abn
443374,abn
443450,abn
443492,abn
443488,abn
443548,abn
443656,abn
443639,abn
443680,abn
443676,abn
443674,abn
443738,abn
443725,abn
443870,abn
443828,abn
443889,abn
444012,abn
444008,abn
444006,abn
444005,abn
444003,abn
444001,abn
443951,abn
443950,abn
444124,abn
444118,abn
444116,abn
444114,abn
444113,abn
444112,abn
444097,abn
444166,abn
444179,abn
444176,abn
444271,abn
444247,abn
444341,abn
444332,abn
444330,abn
444329,abn
444458,abn
444457,abn
444455,abn
444454,abn
444453,abn
444452,abn
444451,abn
444450,abn
444449,abn
444448,abn
444447,abn
444446,abn
444396,abn
444474,abn
444524,abn
444537,abn
444715,abn
445191,abn
420136,abn
420281,abn
420502,abn
420796,abn
420874,abn
421253,abn
421281,abn
421280,abn
421386,abn
421529,abn
421821,abn
422089,abn
422212,abn
422208,abn
422427,abn
422409,abn
422655,abn
422804,abn
422863,abn
422920,abn
423012,abn
423055,abn
423150,abn
423305,abn
423265,abn
423237,abn
423320,abn
423697,abn
423671,abn
423641,abn
423713,abn
423778,abn
423913,abn
424231,abn
424616,abn
424609,abn
424675,abn
424733,abn
424769,abn
424801,abn
424856,abn
424988,abn
425331,abn
425290,abn
425264,abn
425587,abn
425607,abn
425599,abn
425598,abn
425707,abn
425703,abn
426329,abn
426418,abn
426915,abn
427207,abn
427200,abn
427511,abn
427600,abn
427599,abn
427825,abn
427951,abn
428492,abn
428552,abn
428583,abn
428581,abn
428646,abn
428880,abn
428926,abn
428898,abn
428953,abn
429142,abn
429165,abn
429234,abn
429356,abn
429398,abn
429397,abn
429584,abn
429626,abn
429742,abn
429880,abn
429869,abn
429954,abn
429998,abn
443635,abn
443681,abn
444014,abn
444000,abn
443999,abn
443997,abn
443996,abn
444021,abn
444127,abn
444126,abn
444125,abn
444239,abn
444300,abn
444334,abn
444398,abn
444567,abn
444656,abn
420140,abn
420473,abn
420544,abn
421144,abn
422919,abn
427037,abn
429472,abn
429556,abn
443182,abn
443175,abn
443162,abn
443157,abn
443156,abn
443266,abn
443299,abn
443442,abn
443441,abn
443440,abn
443612,abn
443783,abn
443890,abn
443888,abn
444214,abn
444249,abn
444338,abn
444573,abn
444870,abn
444852,abn
444959,abn
444988,abn
445018,abn
445017,abn
445008,abn
445005,abn
444997,abn
444996,abn
445038,abn
445071,abn
445065,abn
445064,abn
445062,abn
445059,abn
445084,abn
445081,abn
445080,abn
445112,abn
445111,abn
445110,abn
445103,abn
445101,abn
445129,abn
445163,abn
445162,abn
445154,abn
445152,abn
445150,abn
445147,abn
445213,abn
445206,abn
444852,abn
445098,abn
444296,abn
